short_title,geo_range_id
CAPSY,CH.TG
Win Back Control PGV01.002,CH.TG
Besser leben mit COPD PGV01.005,CH.TG
dAS-Tool / NoA-Coach PGV01.047,CH.TG
Keine Daheimnisse PGV01.071,CH.TG
GLAD-CH PGV02.040,CH.TG
Daheim statt Heim PGV02.052,CH.TG
selbsthilfefreundl. Spitäler PGV03.006,CH.TG
Brückenbauer und Trauma PGV03.073,CH.TG
Angehörigen-Expert/innen PGV03.078,CH.TG
AdoASSIP PGV03.083,CH.TG
SPIRIT PGV03.091,CH.TG
PortoFaro,CH.TG
FM_Brückenbauer:innen und Trauma,CH.TG
FM_Besser leben mit COPD,CH.TG
UEF_PEPra,CH.TG
Swiss Sleep Circle,CH.TG
FM II_KOMPASS,CH.TG
FM_GLAD_OA_CH,CH.TG
Sturzprävention in der Spitex,CH.TI
Win Back Control PGV01.002,CH.TI
Besser leben mit COPD PGV01.005,CH.TI
dAS-Tool / NoA-Coach PGV01.047,CH.TI
WOPM PGV02.015,CH.TI
SNP PGV02.036,CH.TI
GLAD-CH PGV02.040,CH.TI
selbsthilfefreundl. Spitäler PGV03.006,CH.TI
SPIRIT PGV03.091,CH.TI
CSSP,CH.TI
CoPeC,CH.TI
FM_Besser leben mit COPD,CH.TI
Swiss Sleep Circle,CH.TI
FM_GLAD_OA_CH,CH.TI
WAC,CH.TI
Win Back Control PGV01.002,CH.UR
Besser leben mit COPD PGV01.005,CH.UR
dAS-Tool / NoA-Coach PGV01.047,CH.UR
Keine Daheimnisse PGV01.071,CH.UR
GLAD-CH PGV02.040,CH.UR
selbsthilfefreundl. Spitäler PGV03.006,CH.UR
FM_Besser leben mit COPD,CH.UR
UEF_PEPra,CH.UR
FM II_KOMPASS,CH.UR
FM_GLAD_OA_CH,CH.UR
DépendAntalgie,CH.VD
RRDT2,CH.VD
Win Back Control PGV01.002,CH.VD
Besser leben mit COPD PGV01.005,CH.VD
Je me bouge pour ma santé PGV01.015,CH.VD
dAS-Tool / NoA-Coach PGV01.047,CH.VD
ProPCC PGV01.079,CH.VD
PAP+ PGV01.108,CH.VD
ProSA PGV02.003,CH.VD
CareMENS PGV02.009,CH.VD
WOPM PGV02.015,CH.VD
BeFit PGV02.027,CH.VD
SNP PGV02.036,CH.VD
GLAD-CH PGV02.040,CH.VD
PsyYoung PGV02.053,CH.VD
Opti-Q Multimorbidität PGV02.056,CH.VD
Zigzag Plus PGV02.064,CH.VD
Handicap et Addiction PGV02.078,CH.VD
REAS PGV PGV02.091,CH.VD
selbsthilfefreundl. Spitäler PGV03.006,CH.VD
ASSIP Suisse romande PGV03.034,CH.VD
ASSIP flex PGV03.062,CH.VD
AdoASSIP PGV03.083,CH.VD
RCA PGV03.085,CH.VD
SPIRIT PGV03.091,CH.VD
CSSP,CH.VD
FM_Je me bouge pour ma santé,CH.VD
FM_ProPCC+,CH.VD
Sucht ,CH.VD
FM_ProSA,CH.VD
UEF_PEPra,CH.VD
UEF_Zigzag Plus,CH.VD
UEF_REAS,CH.VD
Swiss Sleep Circle,CH.VD
Re-MIND,CH.VD
FM_GLAD_OA_CH,CH.VD
FM II_ProPCC+,CH.VD
FM II_Je me bouge pour ma santé,CH.VD
Win Back Control PGV01.002,CH.VS
Besser leben mit COPD PGV01.005,CH.VS
dAS-Tool / NoA-Coach PGV01.047,CH.VS
Action Diabète PGV01.057,CH.VS
Keine Daheimnisse PGV01.071,CH.VS
BeFit PGV02.027,CH.VS
GLAD-CH PGV02.040,CH.VS
Zigzag Plus PGV02.064,CH.VS
Handicap et Addiction PGV02.078,CH.VS
Insuffisance cardiaque VS PGV03.023,CH.VS
RCA PGV03.085,CH.VS
FM_ProPCC+,CH.VS
FM_Insuffisance cardiaque VS,CH.VS
FM_ProSA,CH.VS
FM_Besser leben mit COPD,CH.VS
UEF_PEPra,CH.VS
UEF_Zigzag Plus,CH.VS
FM II_KOMPASS,CH.VS
FM_GLAD_OA_CH,CH.VS
FM II_ProPCC+,CH.VS
Win Back Control PGV01.002,CH.AR
Besser leben mit COPD PGV01.005,CH.AR
dAS-Tool / NoA-Coach PGV01.047,CH.AR
Keine Daheimnisse PGV01.071,CH.AR
GLAD-CH PGV02.040,CH.AR
selbsthilfefreundl. Spitäler PGV03.006,CH.AR
WilaDina PGV03.031,CH.AR
Brückenbauer und Trauma PGV03.073,CH.AR
AdoASSIP PGV03.083,CH.AR
CMCS,CH.AR
PortoFaro,CH.AR
FM_Brückenbauer:innen und Trauma,CH.AR
FM_Besser leben mit COPD,CH.AR
UEF_PEPra,CH.AR
FM_GLAD_OA_CH,CH.AR
Win Back Control PGV01.002,CH.AI
Besser leben mit COPD PGV01.005,CH.AI
dAS-Tool / NoA-Coach PGV01.047,CH.AI
Keine Daheimnisse PGV01.071,CH.AI
GLAD-CH PGV02.040,CH.AI
selbsthilfefreundl. Spitäler PGV03.006,CH.AI
AdoASSIP PGV03.083,CH.AI
CMCS,CH.AI
PortoFaro,CH.AI
FM_Besser leben mit COPD,CH.AI
UEF_PEPra,CH.AI
FM_GLAD_OA_CH,CH.AI
SBDA,CH.BL
Win Back Control PGV01.002,CH.BL
Besser leben mit COPD PGV01.005,CH.BL
KOMPASS PGV01.044,CH.BL
dAS-Tool / NoA-Coach PGV01.047,CH.BL
Keine Daheimnisse PGV01.071,CH.BL
BeFit PGV02.027,CH.BL
GLAD-CH PGV02.040,CH.BL
Mamamundo PGV02.079,CH.BL
selbsthilfefreundl. Spitäler PGV03.006,CH.BL
WilaDina PGV03.031,CH.BL
Angehörigen-Expert/innen PGV03.078,CH.BL
AdoASSIP PGV03.083,CH.BL
SPIRIT PGV03.091,CH.BL
CMCS,CH.BL
UEF_PEPra,CH.BL
FM II_KOMPASS,CH.BL
FM_GLAD_OA_CH,CH.BL
SBDA,CH.BS
Win Back Control PGV01.002,CH.BS
Besser leben mit COPD PGV01.005,CH.BS
dAS-Tool / NoA-Coach PGV01.047,CH.BS
Keine Daheimnisse PGV01.071,CH.BS
SomPsyNet PGV01.087,CH.BS
BeFit PGV02.027,CH.BS
GLAD-CH PGV02.040,CH.BS
PsyYoung PGV02.053,CH.BS
Mamamundo PGV02.079,CH.BS
PEPra PGV02.090,CH.BS
selbsthilfefreundl. Spitäler PGV03.006,CH.BS
Angehörigen-Expert/innen PGV03.078,CH.BS
AdoASSIP PGV03.083,CH.BS
SPIRIT PGV03.091,CH.BS
CMCS,CH.BS
Sucht ,CH.BS
UEF_SomPsyNet,CH.BS
UEF_PEPra,CH.BS
FM II_KOMPASS,CH.BS
FM_GLAD_OA_CH,CH.BS
PrePaC,CH.BE
EMIA,CH.BE
Win Back Control PGV01.002,CH.BE
Besser leben mit COPD PGV01.005,CH.BE
dAS-Tool / NoA-Coach PGV01.047,CH.BE
Keine Daheimnisse PGV01.071,CH.BE
StoppSturz PGV PGV01.077,CH.BE
PRiMA PGV02.010,CH.BE
WOPM PGV02.015,CH.BE
BeFit PGV02.027,CH.BE
Koordinierter Patientenpfad PGV02.028,CH.BE
SNP PGV02.036,CH.BE
GLAD-CH PGV02.040,CH.BE
Opti-Q Multimorbidität PGV02.056,CH.BE
Handicap et Addiction PGV02.078,CH.BE
Mamamundo PGV02.079,CH.BE
REAS PGV PGV02.091,CH.BE
selbsthilfefreundl. Spitäler PGV03.006,CH.BE
WilaDina PGV03.031,CH.BE
ASSIP Suisse romande PGV03.034,CH.BE
ASSIP flex PGV03.062,CH.BE
Brückenbauer und Trauma PGV03.073,CH.BE
Angehörigen-Expert/innen PGV03.078,CH.BE
AdoASSIP PGV03.083,CH.BE
SPIRIT PGV03.091,CH.BE
CMCS,CH.BE
CoCa,CH.BE
DeKoMo,CH.BE
UEF_PEPra,CH.BE
UEF_Zigzag Plus,CH.BE
UEF_REAS,CH.BE
Swiss Sleep Circle,CH.BE
FM II_KOMPASS,CH.BE
FM_GLAD_OA_CH,CH.BE
DépendAntalgie,CH.FR
Win Back Control PGV01.002,CH.FR
Besser leben mit COPD PGV01.005,CH.FR
dAS-Tool / NoA-Coach PGV01.047,CH.FR
CareMENS PGV02.009,CH.FR
WOPM PGV02.015,CH.FR
BeFit PGV02.027,CH.FR
GLAD-CH PGV02.040,CH.FR
Zigzag Plus PGV02.064,CH.FR
Handicap et Addiction PGV02.078,CH.FR
PEPra PGV02.090,CH.FR
Ça bouge dans les EMS! PGV03.026,CH.FR
Angehörigen-Expert/innen PGV03.078,CH.FR
RCA PGV03.085,CH.FR
FM_ProPCC+,CH.FR
FM_ProSA,CH.FR
UEF_PEPra,CH.FR
UEF_Zigzag Plus,CH.FR
FM_GLAD_OA_CH,CH.FR
Win Back Control PGV01.002,CH.GE
Besser leben mit COPD PGV01.005,CH.GE
dAS-Tool / NoA-Coach PGV01.047,CH.GE
CareMENS PGV02.009,CH.GE
Nutrition & migration PGV02.026,CH.GE
BeFit PGV02.027,CH.GE
GLAD-CH PGV02.040,CH.GE
PsyYoung PGV02.053,CH.GE
Handicap et Addiction PGV02.078,CH.GE
selbsthilfefreundl. Spitäler PGV03.006,CH.GE
ASSIP Suisse romande PGV03.034,CH.GE
AdoASSIP PGV03.083,CH.GE
RCA PGV03.085,CH.GE
SPIRIT PGV03.091,CH.GE
FM_ProPCC+,CH.GE
"FM_Nutrition,santé et migration",CH.GE
FM_ProSA,CH.GE
UEF_PEPra,CH.GE
Re-MIND,CH.GE
FM_GLAD_OA_CH,CH.GE
FM II_ProPCC+,CH.GE
Win Back Control PGV01.002,CH.GL
Besser leben mit COPD PGV01.005,CH.GL
dAS-Tool / NoA-Coach PGV01.047,CH.GL
Keine Daheimnisse PGV01.071,CH.GL
GLAD-CH PGV02.040,CH.GL
FM_Brückenbauer:innen und Trauma,CH.GL
FM_Besser leben mit COPD,CH.GL
UEF_PEPra,CH.GL
FM_GLAD_OA_CH,CH.GL
Win Back Control PGV01.002,CH.GR
Besser leben mit COPD PGV01.005,CH.GR
dAS-Tool / NoA-Coach PGV01.047,CH.GR
Keine Daheimnisse PGV01.071,CH.GR
StoppSturz PGV PGV01.077,CH.GR
GLAD-CH PGV02.040,CH.GR
selbsthilfefreundl. Spitäler PGV03.006,CH.GR
Angehörigen-Expert/innen PGV03.078,CH.GR
CoPeC,CH.GR
UEF_PEPra,CH.GR
FM II_KOMPASS,CH.GR
FM_GLAD_OA_CH,CH.GR
WAC,CH.GR
EMIA,CH.JU
Win Back Control PGV01.002,CH.JU
Besser leben mit COPD PGV01.005,CH.JU
dAS-Tool / NoA-Coach PGV01.047,CH.JU
Keine Daheimnisse PGV01.071,CH.JU
StoppSturz PGV PGV01.077,CH.JU
GLAD-CH PGV02.040,CH.JU
Handicap et Addiction PGV02.078,CH.JU
selbsthilfefreundl. Spitäler PGV03.006,CH.JU
RCA PGV03.085,CH.JU
FM_ProPCC+,CH.JU
FM_ProSA,CH.JU
UEF_PEPra,CH.JU
Re-MIND,CH.JU
FM_GLAD_OA_CH,CH.JU
FM II_Je me bouge pour ma santé,CH.JU
Win Back Control PGV01.002,CH.LU
Besser leben mit COPD PGV01.005,CH.LU
KOMPASS PGV01.044,CH.LU
dAS-Tool / NoA-Coach PGV01.047,CH.LU
Keine Daheimnisse PGV01.071,CH.LU
BeFit PGV02.027,CH.LU
GLAD-CH PGV02.040,CH.LU
Mamamundo PGV02.079,CH.LU
PEPra PGV02.090,CH.LU
selbsthilfefreundl. Spitäler PGV03.006,CH.LU
Projekt SERO PGV03.033,CH.LU
Angehörigen-Expert/innen PGV03.078,CH.LU
AdoASSIP PGV03.083,CH.LU
SPIRIT PGV03.091,CH.LU
CMCS,CH.LU
FM_Besser leben mit COPD,CH.LU
UEF_PEPra,CH.LU
FM II_KOMPASS,CH.LU
FM_GLAD_OA_CH,CH.LU
EMIA,CH.NE
Win Back Control PGV01.002,CH.NE
Besser leben mit COPD PGV01.005,CH.NE
dAS-Tool / NoA-Coach PGV01.047,CH.NE
Keine Daheimnisse PGV01.071,CH.NE
INTERMED+ PGV01.083,CH.NE
CareMENS PGV02.009,CH.NE
BeFit PGV02.027,CH.NE
APA PGV02.039,CH.NE
GLAD-CH PGV02.040,CH.NE
Zigzag Plus PGV02.064,CH.NE
Handicap et Addiction PGV02.078,CH.NE
selbsthilfefreundl. Spitäler PGV03.006,CH.NE
ASSIP Suisse romande PGV03.034,CH.NE
ASSIP flex PGV03.062,CH.NE
RCA PGV03.085,CH.NE
Sucht ,CH.NE
FM_ProSA,CH.NE
FM_Besser leben mit COPD,CH.NE
UEF_PEPra,CH.NE
UEF_Zigzag Plus,CH.NE
UEF_REAS,CH.NE
FM_GLAD_OA_CH,CH.NE
FM II_Je me bouge pour ma santé,CH.NE
WAC,CH.NE
Win Back Control PGV01.002,CH.NW
Besser leben mit COPD PGV01.005,CH.NW
dAS-Tool / NoA-Coach PGV01.047,CH.NW
Keine Daheimnisse PGV01.071,CH.NW
GLAD-CH PGV02.040,CH.NW
selbsthilfefreundl. Spitäler PGV03.006,CH.NW
Projekt SERO PGV03.033,CH.NW
AdoASSIP PGV03.083,CH.NW
FM_Besser leben mit COPD,CH.NW
UEF_PEPra,CH.NW
FM_GLAD_OA_CH,CH.NW
Win Back Control PGV01.002,CH.OW
Besser leben mit COPD PGV01.005,CH.OW
dAS-Tool / NoA-Coach PGV01.047,CH.OW
Keine Daheimnisse PGV01.071,CH.OW
GLAD-CH PGV02.040,CH.OW
selbsthilfefreundl. Spitäler PGV03.006,CH.OW
Projekt SERO PGV03.033,CH.OW
AdoASSIP PGV03.083,CH.OW
FM_Besser leben mit COPD,CH.OW
UEF_PEPra,CH.OW
FM_GLAD_OA_CH,CH.OW
Win Back Control PGV01.002,CH.SH
Besser leben mit COPD PGV01.005,CH.SH
dAS-Tool / NoA-Coach PGV01.047,CH.SH
Keine Daheimnisse PGV01.071,CH.SH
GLAD-CH PGV02.040,CH.SH
REAS PGV PGV02.091,CH.SH
selbsthilfefreundl. Spitäler PGV03.006,CH.SH
Brückenbauer und Trauma PGV03.073,CH.SH
Angehörigen-Expert/innen PGV03.078,CH.SH
FM_Brückenbauer:innen und Trauma,CH.SH
FM_Besser leben mit COPD,CH.SH
UEF_PEPra,CH.SH
UEF_REAS,CH.SH
FM_GLAD_OA_CH,CH.SH
Win Back Control PGV01.002,CH.SZ
Besser leben mit COPD PGV01.005,CH.SZ
dAS-Tool / NoA-Coach PGV01.047,CH.SZ
Keine Daheimnisse PGV01.071,CH.SZ
GLAD-CH PGV02.040,CH.SZ
selbsthilfefreundl. Spitäler PGV03.006,CH.SZ
Brückenbauer und Trauma PGV03.073,CH.SZ
Angehörigen-Expert/innen PGV03.078,CH.SZ
FM_Brückenbauer:innen und Trauma,CH.SZ
FM_Besser leben mit COPD,CH.SZ
UEF_PEPra,CH.SZ
FM_GLAD_OA_CH,CH.SZ
Win Back Control PGV01.002,CH.SO
Besser leben mit COPD PGV01.005,CH.SO
dAS-Tool / NoA-Coach PGV01.047,CH.SO
Keine Daheimnisse PGV01.071,CH.SO
GLAD-CH PGV02.040,CH.SO
Mamamundo PGV02.079,CH.SO
selbsthilfefreundl. Spitäler PGV03.006,CH.SO
Brückenbauer und Trauma PGV03.073,CH.SO
Angehörigen-Expert/innen PGV03.078,CH.SO
FM_KOMPASS,CH.SO
FM_Brückenbauer:innen und Trauma,CH.SO
FM_Besser leben mit COPD,CH.SO
UEF_PEPra,CH.SO
FM II_KOMPASS,CH.SO
FM_GLAD_OA_CH,CH.SO
Win Back Control PGV01.002,CH.ZG
Besser leben mit COPD PGV01.005,CH.ZG
KOMPASS PGV01.044,CH.ZG
dAS-Tool / NoA-Coach PGV01.047,CH.ZG
Keine Daheimnisse PGV01.071,CH.ZG
GLAD-CH PGV02.040,CH.ZG
selbsthilfefreundl. Spitäler PGV03.006,CH.ZG
FM_Besser leben mit COPD,CH.ZG
UEF_PEPra,CH.ZG
FM II_KOMPASS,CH.ZG
FM_GLAD_OA_CH,CH.ZG
Ambulanter Patientenbrief,CH.ZH
CAPSY,CH.ZH
Win Back Control PGV01.002,CH.ZH
Besser leben mit COPD PGV01.005,CH.ZH
Selbstcheck Gesundheitskompetenz  PGV01.022,CH.ZH
KOMPASS PGV01.044,CH.ZH
dAS-Tool / NoA-Coach PGV01.047,CH.ZH
Keine Daheimnisse PGV01.071,CH.ZH
StoppSturz PGV PGV01.077,CH.ZH
BeFit PGV02.027,CH.ZH
GLAD-CH PGV02.040,CH.ZH
Opti-Q Multimorbidität PGV02.056,CH.ZH
Mamamundo PGV02.079,CH.ZH
selbsthilfefreundl. Spitäler PGV03.006,CH.ZH
WilaDina PGV03.031,CH.ZH
ASSIP flex PGV03.062,CH.ZH
Brückenbauer und Trauma PGV03.073,CH.ZH
Angehörigen-Expert/innen PGV03.078,CH.ZH
AdoASSIP PGV03.083,CH.ZH
SPIRIT PGV03.091,CH.ZH
FM_KOMPASS,CH.ZH
FM_Selbstcheck GKO,CH.ZH
CSSP,CH.ZH
CMCS,CH.ZH
FM_Daheim statt Heim,CH.ZH
Sucht ,CH.ZH
DeKoMo,CH.ZH
FM_Brückenbauer:innen und Trauma,CH.ZH
UEF_PEPra,CH.ZH
UEF_REAS,CH.ZH
Re-MIND,CH.ZH
FM II_KOMPASS,CH.ZH
FM II_Selbstcheck GKO,CH.ZH
FM_GLAD_OA_CH,CH.ZH
CSSP,CH.XX
Swiss Sleep Circle,CH.XX
Win Back Control PGV01.002,CH.SG
Besser leben mit COPD PGV01.005,CH.SG
KOMPASS PGV01.044,CH.SG
dAS-Tool / NoA-Coach PGV01.047,CH.SG
Keine Daheimnisse PGV01.071,CH.SG
StoppSturz PGV PGV01.077,CH.SG
Starke Familie PGV01.103,CH.SG
BeFit PGV02.027,CH.SG
GLAD-CH PGV02.040,CH.SG
Daheim statt Heim PGV02.052,CH.SG
PEPra PGV02.090,CH.SG
selbsthilfefreundl. Spitäler PGV03.006,CH.SG
WilaDina PGV03.031,CH.SG
1+1=3  PGV03.038,CH.SG
Brückenbauer und Trauma PGV03.073,CH.SG
Angehörigen-Expert/innen PGV03.078,CH.SG
AdoASSIP PGV03.083,CH.SG
SPIRIT PGV03.091,CH.SG
FM_Starke Familie,CH.SG
CMCS,CH.SG
Sucht ,CH.SG
PortoFaro,CH.SG
FM_Brückenbauer:innen und Trauma,CH.SG
FM_Besser leben mit COPD,CH.SG
UEF_PEPra,CH.SG
Swiss Sleep Circle,CH.SG
FM II_KOMPASS,CH.SG
FM_GLAD_OA_CH,CH.SG
